Store Number,Store Name
2106,Hillstreet News and Tobacco
2113,Jamboree Foods
2130,Sycamore Convenience
2132,Spirits and Such
2152,Dugans Supermarket
2161,Huber's Store Inc.
2178,"Double ""D"" Liquor Store"
2190,"Central City Liquor, Inc."
2191,Keokuk Spirits
2200,Sac Liquor Store
2205,Ding's Honk And Holler
2228,Rodgers Spirits and More
2233,Forbes Liquor Locker / remi
2238,Adventureland Inn
2248,Ingersoll Liquor and Beverage
2260,"Spirits And Ale, Inc."
2285,John's Grocery
2290,Al's Liquors Unlimited
2327,West Side Spirits
2353,Cresco Liquor Store
2367,Spencer's Grocery
2413,Beecher Beverage
2422,Marriott Corp.
2445,Ruback's Food Center
2448,Bottle Boutique
2459,Reinhart Foods
2460,"Liquor Barn, Inc."
2465,Sid's Beverage Shop
2475,"Private Cellar, Inc."
2478,Prairie Meadows
2487,Anamosa Family Foods
2498,Charley's Quik Shop
2500,Hy-Vee Food Store #1 / Ames
2501,Hy-Vee  #2 / Ames
2502,Hy-Vee Wine and Spirits / Ankeny
2503,Hy-Vee Drugstore / Ankeny
2505,Hy-Vee Wine and Spirits / Boone
2506,Hy-Vee #1044 / Burlington
2507,Hy-Vee Food Store #1 / Burlington
2508,Hy-Vee Food Store #1 / Cedar Rapids
2509,Hy-Vee / Drugtown #1 / Cedar Rapids
2510,Hy-Vee Drugstore #3 / Cedar Rapids
2511,Hy-Vee / Drugtown #2 / Cedar Rapids
2512,Hy-Vee Wine and Spirits / Iowa City
2513,Hy-Vee Food Store #2 / Iowa City
2514,Hy-Vee Drugstore / Marion
2515,Hy-Vee Food Store #1 / Mason City
2517,Hy-Vee Food Store #1 / Newton
2518,Hy-Vee Wine and Spirits / Red Oak
2521,Hy-Vee Food and Drug / Grand / WDM
2522,Hy-Vee Wine and Spirits / Spirit Lake
2523,Hy-Vee Food Store / Centerville
2524,Hy-Vee Food Store / Dubuque
2527,Hy-Vee Food Store #5 / Des Moines
2528,Hy-Vee Food Store #3 / Des Moines
2529,Hy-Vee Drugstore #4 / Cedar Rapids
2532,Hy-Vee Food Store #2 / Des Moines
2534,Hy-Vee Drugtown / Urbandale
2535,Hy-Vee Food Store #1 / WDM
2536,HY-VEE / PLEASANT HILL
2537,Hy-Vee Drugstore / Fort Dodge
2538,Hy-Vee Food Store #3 / Waterloo
2539,Hy-Vee Food Store / iowa Falls
2543,Hy-Vee Food Store #1 / Ottumwa
2544,Hy-Vee Food Store / Marshalltown
2545,Hy-Vee Drugstore / Iowa City
2548,Hy-Vee Food Store / Altoona
2549,Hy-Vee Food Store / Indianola
2550,Hy-Vee Food Store / Osceola
2551,Hy-Vee Food Store / Chariton
2552,Hy-Vee Food Store #3 / Cedar Rapids
2553,Hy-Vee Food Store / Creston
2554,Hy-Vee Food Store / Davenport
2555,Hy-Vee Food Store / Keokuk
2556,Hy-Vee Wine and Spirits / Estherville
2558,Hy-Vee Food Store / Mount Pleasant
2559,Hy-Vee Food Store / Albia
2560,Hy-Vee Food Store / Marion
2561,Hy-Vee Food Store / Fleur / DSM
2562,Hy-Vee Food Store / Fort Dodge
2564,Hy-Vee Food Store #4 / Waterloo
2565,Hy-Vee Food Store / Spencer
2566,Hy-Vee Food Store / Knoxville
2567,Hy-Vee Drugstore / Davenport
2568,Hy-Vee Food Store #4 / Cedar Rapids
2569,Hy-Vee Food Store #2 / Cedar Rapids
2571,Hy-Vee Food Store #2 / Waterloo
2572,Hy-Vee Food Store / Cedar Falls
2573,Hy-Vee Food Store / Muscatine
2575,Hy-Vee Food Store #1 / Waterloo
2576,Hy-Vee Wine and Spirits / Storm Lake
2578,Hy-Vee / Charles City
2579,Hy-Vee Food Store / Grinnell
2582,Hy-Vee #2 Food Store / Mason City
2583,Hy-Vee Food Store / Washington
2584,Hy-Vee Food Store / Fort Madison
2585,Hy-Vee Wine and Spirits / Algona
2587,Hy-Vee Food Store / Johnston
2588,Hy-Vee Food and Drug #6 / Cedar Rapids
2590,Hy-Vee Food Store #5 / Cedar Rapids
2591,Hy-Vee Wine and Spirits / Atlantic
2592,Hy-Vee Drugstore / Marshalltown
2593,Hy-Vee Food Store / Carroll
2594,Hy-Vee Food Store / Sioux City
2595,Hy-Vee Wine and Spirits / Denison
2596,Hy-Vee / Regal Liquors and Video
2597,Hy-Vee Food Store / Cherokee
2599,Hy-Vee Wine and Spirits / Coralville
2600,Hy-Vee Food Store / Oskaloosa
2601,Hy-Vee Food Store / Fairfield
2602,Hy-Vee Food Store / Webster City
2603,Hy-Vee Wine and Spirits / Bettendorf
2604,Hy-Vee Wine and Spirits / Lemars
2605,Hy-Vee Drugstore #5 / Cedar Rapids
2606,Hy-Vee Wine and Spirits / Humboldt
2607,Hy-Vee Wine and Spirits / Shenandoah
2609,Hy-Vee Drugstore #2 / Ames
2611,Hy-Vee Drugstore / Ottumwa
2612,Hy-Vee Store / Perry
2613,Hy-Vee Food Store #1 / Council Bluffs
2614,Hy-Vee #3 Food and Drugstore
2616,Hy-Vee Food and Drug / Clinton
2618,Hy-Vee Drugstore #6 / Cedar Rapids
2619,Hy-Vee Wine and Spirits / WDM
2620,Hy-Vee / Windsor Heights
2621,Hy-Vee Food Store #3 / Sioux City
2622,Hy-Vee Food Store / Iowa City
2623,Hy-Vee Food Store #4 / Sioux City
2624,Hy-Vee #2 / Dubuque
2625,Hy-Vee Wine and Spirits #2
2626,Hy-Vee Drugstore / University / DSM
2627,Hy-Vee Wine and Spirits #1
2628,Hy-Vee Food Store / Eldora
2629,Hy-Vee Food Store #2 / Council Bluffs
2630,Hy-Vee Drugstore #2 / WDM
2633,Hy-Vee #3 / BDI / Des Moines
2634,Hy-Vee Wine and Spirits / Ames
2635,Hy-Vee #4 / Davenport
2636,Hy-Vee Wine and Spirits / Hubbell
2637,Hy-Vee #5 / Davenport
2638,Hy-Vee Wine and Spirits / Cedar Fall
2641,Hy-Vee Drugstore / Council Bluffs
2642,Hy-Vee Wine and Spirits / Pella
2643,Hy-Vee Wine and Spirits / Waterloo
2644,Hy-Vee Fort Dodge Wine and Spirits
2645,Hy-Vee Drugstore / Muscatine
2647,Hy-Vee #7 / Cedar Rapids
2648,Hy-Vee #4 / WDM
2649,Hy-Vee #3 / Dubuque
2650,Hy-Vee Wine and Spirits / Harlan
2651,Hy-Vee / Waverly
2652,Hy-Vee DrugStore / Mason City
2653,Hy-Vee Wine and Spirits / Washington
2655,Hy-Vee Food Store / Clarinda
2656,Hy-Vee Food Store / Corning
2657,Hy-Vee Food Store / Bedford
2658,Hy-Vee Food Store / Mount Ayr
2659,Hy-Vee Food Store / Corydon
2660,HY-VEE FOOD STORE / SIOUX CENTER
2661,Hy-Vee Food Store / Sheldon
2662,Hy-Vee Wine & Spirits / Muscatine
2663,Hy-Vee / Urbandale
2664,Hy-Vee C-Store / Charles City
2665,Hy-Vee / Waukee
2666,Hy-Vee #2 / Ankeny
2667,Hy-Vee Mainstreet
2668,Hy-Vee Food Store / Leon
2669,Hy-Vee / Corydon
2670,Hy-Vee Food Store / Coralville
2671,Hy-Vee  /  Jefferson
2672,Hy-Vee / Winterset
2806,Osco #881 / Clinton
2835,CVS Pharmacy #8538 / Cedar Falls
2836,CVS Pharmacy #8546 / Waterloo
2837,CVS Pharmacy #8544 / Waterloo
2838,CVS Pharmacy #8658 / Davenport
2839,CVS Pharmacy #8659 / Davenport
2840,CVS Pharmacy #8633 / Bettendorf
2841,CVS Pharmacy #8532 / Cedar Rapids
2843,CVS Pharmacy #8526 / Cedar Rapids
2844,CVS Pharmacy #8547 / Iowa City
2845,CVS Pharmacy #4816 / Council Bluffs
2846,CVS Pharmacy #8443 / Cedar Rapids
2847,CVS Pharmacy #10032 / Marion
2848,CVS Pharmacy #10114 / Ankeny
2849,CVS Pharmacy #10162 / Des Moines
2850,CVS / Pharmacy #10161 / Des Moines
2851,CVS / Pharmacy #10282 / Fort Dodge
2852,CVS Pharmacy #10329 / Merle Hay
2853,CVS Pharmacy #10452  /  Ames
2854,CVS / Pharmacy #10480 / Urbandale
2951,Dahl's / Hickman
2953,Dahl's / E. Euclid
2954,Dahl's / Ingersoll
2955,Dahl's / Beaver
2956,Dahl's / Fleur Dr
2958,Dahl's / E 33rd
2959,Dahl's / Merle Hay
2960,Dahl's / Wdm
2961,Dahl's / Ep True / Wdm
2962,Dahl's / Johnston
2963,Dahl's / Clive
2964,Dahl's / Ankeny
3003,Super Valu / Mark's
3013,Keith's Foods
3016,Super Valu / bender's
3041,Shugar's Super Valu / Colfax
3045,Britt Food Center
3054,Mcnally's Super Valu
3056,Clarion Super Valu Ii
3064,Shugar's Super Valu / Adel
3065,Montezuma Super Valu
3162,Nash Finch / Wholesale Food
3172,Nash Finch / econofoods #51
3352,Cork 'n' Bottle
3354,Sam's Club 8238 / Davenport
3385,Sam's Club 8162 / Cedar Rapids
3390,Okoboji Avenue Liquor
3393,The Hangout Liquors
3400,Last Stop Beverage Shop
3403,Econ-o-mart / Columbus Junction
3417,Big G Food Store
3420,Sam's Club 6344 / Windsor Heights
3437,Scott's Foods
3440,Hawkeye Pantry
3443,Super Saver Iv
3447,Sam's Club 6432 / Sioux City
3451,Barnes Foodland
3456,Quick Shop / Clear Lake
3461,Hometown Foods / Stuart
3465,Hometown Foods / Panora
3477,Sam's Club 6472 / Council Bluffs
3480,C's Spencer Liquor
3482,Kick The Can
3484,Jeff's Foods
3488,Bender's Foods
3492,Jubilee Foods / Rockwell City
3494,Sam's Club 6514 / Waterloo
3495,Great Pastimes
3514,Karen's Spirits and Wine
3521,Ameristar Casino / Council Bluffs
3524,Sam's Club 6568 / Ames
3525,Wines and Spirits
3528,Super Target T-0804 Mason City
3529,A To Z Liquor and Smoke Shop
3530,Primghar Liquor Store
3531,Osage Liquors
3534,A. V. Liquor
3536,Geno's Liquor
3540,Super Target T-0533 / Davenport
3542,Chuck's Sportsmans Beverage
3543,Pronto Market
3549,Quicker Liquor Store
3554,Dick's Beverage Depot
3562,Wal-Mart 0797 / W Burlington
3563,Wal-Mart 0559 / Muscatine
3565,Hartig Drug Store #10
3569,Katy Did General Store
3573,Quik Shop Foods / Four M In
3576,Liquor Store / Hartley
3582,Korthouse Liquor
3583,Mac's Liquor And Videos
3584,L and M Beverage
3587,Save A Lot  #482
3591,Ackley Super Foods
3592,Wal-Mart 0886 / Fort Dodge
3596,Laddy's Bar And Grill
3606,Scotty's Liquor Store
3611,Logan Super Foods
3612,B and C Liquor / Maquoketa
3614,Ida Grove Food Pride
3615,Emmetsburg Food Pride
3616,Laurens Food Pride
3618,Wal-Mart 2716 / Cedar Rapids
3621,"Jensen Liquors, Ltd."
3622,Wal-Mart 1415 / Spirit Lake
3624,Wal-Mart 0748 / Newton
3625,Wal-Mart 0892 / Ankeny
3626,Wal-Mart 2714 / Spencer
3628,Wal-Mart 1528 / Cedar Rapids
3629,Wal-Mart 1965 / Council Bluffs
3631,Audubon Food Pride
3632,Wal-Mart 2004 / Dubuque
3635,Clark's Food Mart / Ogden
3642,Fraise Foods / Sonny's Supermarket
3644,Wal-Mart 2764 / Altoona
3645,Wal-Mart 1764 / Windsor Heights
3647,Wal-Mart 2889 / Clinton
3648,Fairbank Food Center
3650,"Spirits, Stogies and Stuff"
3651,Wal-Mart 1491 / Indianola
3652,Discount Liquors Of Ida Grove
3654,The Beverage Shop / Belmond
3655,M and M Liquor Store
3656,Target Store T-1767 / Ankeny
3660,Wal-Mart 2935 / Knoxville
3663,Wal-Mart 1496 / Waterloo
3664,Shade Tree Liquors
3666,Target Store T-1771 / Cedar Rapids
3670,Wal-Mart 2827 / Coralville
3676,T and M Foods
3677,Barb's Service
3678,"Smoke Shop, The"
3679,FRANKLIN STREET FLORAL & GIFT
3682,Jumbo's
3688,Fredericksburg Food Center
3690,Target Store T-1792 / Waterloo
3691,Target Store T-1791 / Urbandale
3692,Wilkie Liquors
3695,Mrs. B's Liquor
3696,Wal-Mart 1723 / Des Moines
3697,Oky Doky #2 / Dubuque
3698,Ingersoll Wine Merchants
3700,Avoca Liquor
3704,Celtics Beverage Company
3705,Liquor Locker
3707,Target Store T-1768 / Cedar Rapids
3710,New York Dollar Store
3712,Monte Spirits
3713,Wal-Mart 0810 / Mason City
3715,Kimberly Mart / Davenport
3717,The Liquor Stop / Sumner
3719,Wal-Mart 0581 / Marshalltown
3721,Wal-Mart 0913 / Decorah
3722,Wal-Mart 1361 / Sioux City
3723,J D Spirits Liquor
3725,Armstrong Liquor Store
3726,Wal-Mart 1285 / Ottumwa
3728,Brewski's Beverage
3731,Wal-Mart 1241 / Davenport
3732,North Scott Foods
3734,"Shortee's Pit Stop, Inc."
3735,C B Liquor
3738,Hartig Drug Company #4 / Dubuque
3740,Hometown Foods / Waterloo
3742,Wal-Mart 1625 / Lemars
3744,Payless Foods / Dyersville
3747,T-N-T Liquor
3749,Wal-Mart 1526 / Storm Lake
3756,Main Street Liquors / Manning
3757,Wal-Mart 3590 / Sioux City
3760,Brady Mart / Davenport
3761,Cheese's Food Center
3762,Wine and Spirits Gallery
3763,Main Street Liquors / Hawarden
3766,Kolby's Liquor Store
3769,Wal-Mart 0753 / Cedar Fall
3772,Shop N Save #1 / Mlk Pkwy
3773,Benz Distributing
3774,Eagle Country Market / Dubuque
3776,Wal-Mart 5115 / Davenport
3778,Family Pantry
3779,"Station Wine and Spirits, T"
3782,Bender Foods / Guttenburg
3783,Dyno's Wine and Spirits / Pocahontas
3784,Hartig Drug #14 / Independence
3785,Southside Tobacco and Liquor
3789,Wal-Mart 1393 / Oskaloosa
3790,Wal-Mart 0784 / Mt Pleasan
3791,Pit Stop Liquor and Tobacco
3797,The Liquor Store / Davenport
3798,Old Calliope Liquor
3803,Strawberry Foods and Deli
3805,Washington Street Mini Mart
3806,Target Store T-1901 / WDM
3808,Thriftway
3811,Wal-Mart 1431 / Keokuk
3812,Oasis Liquor / Storm Lake
3813,CGI Foods
3814,Costco Wholesale #788
3816,Swils
3818,Round Window Liquor
3819,Quillins Decorah
3820,"Charlie's Wine and Spirits,"
3822,The Secret Cellar
3825,Shop N Save #2 / E 14th
3826,Terribles Lakeside Casino
3829,Gary's Foods / Mt Vernon
3830,Wal-Mart 1435 / Creston
3831,The Market Of Madrid
3832,Direct Liquor / Alvord
3833,Wal-Mart 3394 / Atlantic
3838,Schnucks / Bettendorf
3841,Hartig Drug Company #2 / Locust
3842,Bancroft Liquor Store
3845,Otho Convenience and Food
3847,Logan Ave Convenience Store
3849,Hartig Drug Co #6 / Dyersville
3852,Clark Of Cedar Rapids
3853,Ram Liquor Mart
3855,Dyno's Wine and Spirits / Storm Lake
3857,Quillins Food Ranch / Waukon
3858,Harolds Jack N Jill / Davenport
3859,Wal-Mart 0750 / Independence
3864,Hometown Foods / Schaller
3866,Target Store T-1170 / Ames
3868,Wal-Mart 3630 / Marion
3869,Bootleggin' Barzini's Fin
3870,Target Store T-1939 / Altoona
3871,Target Store T-0069 / WDM
3872,Target Store T-0086 / Dubuque
3873,Target Store T-1113 / Coralville
3876,Affiliated Foods Of Manson
3877,Target Store T-2041 / Des Moines
3878,Liquor and Tobacco Outlet /
3879,Target Store T-1800 / Sioux City
3880,Target Store T-2454 / Council Bluffs
3881,7 Rayos Liquor Store
3882,Kwik Shop #579 / Davenport
3885,Buchanan County Liquor Store
3886,Wal-Mart 0646 / Anamosa
3888,Wal-Mart 0647 / Grinnell
3889,Wal-Mart 1005 / Waverly
3890,Smokin' Joe's #7 Tobacco and Liquor Outlet
3891,"Wild Rose Emmetsburg, Llc"
3894,Smokin' Joe's #6 Tobacco and Liquor
3895,Tom's Market and Meats
3896,Smokin' Joe's #18 Tobacco and Liquor Outlet
3899,Wal-Mart 3762 / WDM
3901,Target Store T-0878 / Fort Dodge
3906,Cigarette Outlet #17 / Burlington
3907,Smokin' Joe's #16 Tobacco and Liquor Outlet
3908,County Market #214 / Fort Madison
3909,D And S Grocery
3910,Riverside Casino And Resort
3911,"Burg Spirits, Llc."
3912,Smokin' Joe's #14 Tobacco and Liquor Outlet
3915,Sac City Food Pride
3916,Smokin' Joe's #5 Tobacco and Liquor Outlet
3917,Smokin' Joe's #2 Tobacco and Liquor Outlet
3918,Smokin' Joe's #1 Tobacco and Liquor Outlet
3920,Smokin' Joe's #11 Tobacco and Liquor Outlet
3925,Johncy's Liquor Store Inc
3926,Liquor Downtown / Iowa City
3928,Smokin' Joe's #12 Tobacco and Liquor Outlet
3929,Liquor And Tobacco Outlet
3930,Kuennen's Liquor Store
3932,Main Street Spirits / Mapleton
3934,Wal-Mart 1509 / Maquoketa
3942,Twin Town Liquor
3943,Good and Quick Co
3944,Sam's Club 4973 / Dubuque
3947,Seaton's Flag Foods
3949,Wal-Mart 0751 / Pella
3950,Hometown Foods / State Center
3952,Lot-A-Spirits
3957,Karl's Grocery Store
3959,Hartig Drug Company #8 / University / Dubuque
3962,Durant Street Country Stop
3963,Tobacco Hut #14 / Council Bluffs
3964,Sioux Food Center of Sioux Rapids
3968,Monroe Liquor
3969,"R 'n D's Liquor, Llc"
3970,"The Liquor Cabinet, Inc."
3972,Hometown Foods / Hubbard
3973,Mmdg Spirits / Ames
3976,North English Family Food
3980,Wal-Mart 1721 / Iowa City
3981,Wal-Mart 1152 / Sioux Center
3986,Siouxland Beverage
3987,Wine and Spirits Shoppe Of
3989,Liquor On The Corner / Cherokee
3990,Cork and Bottle / Oskaloosa
3993,New Star Liquor / W 4th S / Waterloo
3994,Great Spirits Wine & Liquor Co.
3995,Barmuda Distribution
3997,Wal-Mart 4606 / Osceola
4000,Foodland Super Markets / Woodbine
4001,Wal-Mart 1787 / Carroll
4004,Wal-Mart 4256 / Ames
4005,Lansing Liquor and More
4006,Larchwood Offsale
4007,Brockmans
4008,Sioux Valley Spirits
4010,Newman's Thriftway
4011,Jim and Charlies Affiliated
4012,Fast Mart
4013,Wal-Mart 0841 / Tipton
4014,Wal-Mart 1732 / Denison
4015,Wal-Mart 0749 / Ames
4016,Hometown Foods / Conrad
4018,Hometown Foods / Gladbrook
4019,Wal-Mart 1506 / Manchester
4021,Wal-Mart 0985 / Fairfield
4023,Wal-Mart 1389 / Boone
4024,Wal-Mart 1546 / Iowa Falls
4025,Karam Kaur Khasriya Llc
4026,Marshall Discount Liquor
4027,Wal-Mart 1621 / Centerville
4029,The Store
4030,Buy Rite Foods
4033,"Mcgregor's Top Shelf, Llc"
4034,Spice-n-ice
4035,B and B West
4036,Five Star Snacks and More
4038,No Frills Supermarkets / Denison
4039,No Frills Supermarkets / Council Blu
4040,No Frills Supermarkets / Council Blu
4041,Mandm Pantry
4042,Lake Ohana Market / Mineola
4043,Gasland #102 / Burlington
4044,Kum & Go #713 / Burlington
4046,J and K Market
4049,No Frills Supermarkets / Glenwood
4050,Five Star Snacks and Liquor
4051,Fareway Stores #639 / Maquoketa
4052,Helle Hometown Variety
4057,Tequila's Liquor Store
4059,Belle Plaine Country Food
4062,H and A Mini Mart Corp
4066,Xpress Liquor
4067,Freeman Foods
4068,Sa Petro Mart
4069,Fareway Stores #648 / Ottumwa
4070,Grieder Beverage Depot
4071,Kellogg Country Store
4072,Famous Liquors
4073,"Uptown Liquor, Llc"
4075,Ali's West Side Liquor
4076,Sakar Liquor Store
4077,Xo Food And Liquor
4078,Prime Mart 4
4080,Five Corners Liquor and Win
4081,Harlan's Food Mart
4083,Fareway Stores #909 / Ankeny
4084,Fareway Stores #061 / Ankeny
4085,Save More Foods / Waterloo
4090,Mcelroy's Food Market
4091,Fareway Stores #705 / Clear Lake
4092,Fareway Stores #077 / Norwalk
4093,Hiway 20 Liquors / Fort Dodge
4094,Campustown Liquor
4095,City Liquor And Tobacco / Waterloo
4097,Schleswig Foods And Spirits
4098,Wal-Mart 1475 / Washington
4099,Chubbys Liquor
4101,Lucky Stop Inc.
4102,Fareway Stores #386 / Ames
4103,Fareway Stores #093 / Ames
4104,Fareway Stores #491 / Mason City
4105,Fareway Stores #426 / Nevada
4106,Hartig Drug Co. / JFK Rd / Dubuque
4107,Fareway Stores #384 / Boone
4108,Oasis Grocery and Liquor /
4109,Best Trip
4110,"Brothers Market, Inc."
4112,Corridor Ventures
4113,Tobacco Hut #6 / Council
4114,After 5 Somewhere
4115,Forest Market Convenience
4116,Lake View Foods
4117,Tobacco Shop / Arnolds Park
4118,Lake View Redemption Center
4119,Target Store T-2526 / Cedar Falls
4121,Newport Bp / Wapello
4125,Wapello Jack and Jill
4126,Sam's Mainstreet Market / Solon
4129,Cyclone Liquors
4130,"Boyd Grocery, Inc."
4131,Fareway Stores #933 / Urbandale
4132,Camanche Food Pride
4133,Mccoy's 1447
4134,Pleasantville Grocery
4135,Fareway Stores #925 / Altoona
4136,Fareway Stores #983 / Grimes
4137,Fareway Stores #989 / Waukee
4138,Fareway Stores #657 / Indianola
4139,University Groceries
4140,Fareway Stores #900 / Euclid
4141,Fareway Stores #975 / SE 22nd / DSM
4143,Bucky's
4144,"Liquor, Beer and Tobacco Outlet"
4146,Fareway Stores #561 / Waverly
4147,Fareway Stores #974 / Cedar Falls
4148,Fareway Stores #479 / Independence
4149,Fareway Stores #015 / Denison
4150,Fareway Stores #951 / Waterloo
4152,Food Land Super Markets / Missouri Valey
4153,Fareway Stores #067 / Evansdale
4154,Fareway Stores #055 / Hiawatha
4155,Fareway Stores #949 / Marion
4156,Fareway Stores #412 / Oelwein
4157,Fareway Stores #993 / North Liberty
4158,Fareway Stores #409 / Carroll
4159,Fareway Stores #073 / Council Bluffs
4160,Fareway Stores #034 / Iowa City
4161,Fareway Stores #950 / Iowa City
4162,Fareway Stores #963 / Cedar Rapids
4163,Fareway Stores #461 / Storm Lake
4164,Expo Mart / Bettendorf
4165,I-35 Spirits / Ankeny
4166,Jesup Food Center
4167,"Iowa Street Market, Inc."
4169,Super Quick 2 / Hubbell
4170,Dewey's Jack and Jill
4171,"Brothers Market, Inc. / Cascade"
4172,Shamrock Spirits
4173,L and K Liquor
4174,Cigarette Outlet #3 / Ft Madison
4176,Todds On The Go
4177,"Good Luck, Inc."
4180,Smokin' Joe's #10 Tobacco and Liquor Outlet
4181,Puff N Snuff
4182,Fareway Stores #008 / Dyersville
4183,Fareway Stores #589 / Decorah
4184,Fareway Stores #998 / Muscatine
4185,Fareway Stores #737 / Grinnell
4186,H and A Mini Mart / Phillips 66
4187,Jensen Liquor North
4188,"Main St. Market, Inc."
4189,Fareway Stores #594 / Manchester
4190,Fareway Stores #888 / Jefferson
4191,Fareway Stores #995 / Pella
4192,Fareway Stores #044 / Bettendorf
4193,Hartley Wine And Spirits
4194,Fareway Stores #848 / Newton
4195,Fareway Stores #792 / Toledo
4196,Fareway Stores #987 / Davenport
4197,Fareway Stores #014 / Sergeant Bluff
4200,Fareway Stores #019 / Sioux City
4201,Fareway Stores #022 / Sioux City
4202,Fareway Stores #829 / Sioux City
4203,Liquor and Tobacco Outlet /
4204,Fareway Stores #025 / Clinton
4205,Fareway Stores #467 / Marshalltown
4209,Wal-Mart 5748 / Grimes
4210,Sichanh Liquor Store
4213,Sunny's Mart
4214,New Star Liquor / Lafayet / Waterloo
4215,New Star Market #1 / Waterloo
4218,Liquor and Tobacco Outlet /
4219,Lake Liquors Wine and Spirits
4221,Kwik Stop / Texas St
4222,Station Mart Liquor and Tobbacco
4223,STATION MART LIQUOR AND TOBACCO
4225,T P Plaza
4226,Hartig Drug #12 / Waukon
4228,Fareway Stores #462 / Vinton
4229,Fareway Stores #790 / Harlan
4230,Fareway Stores #106 / Clive
4231,Fareway Stores #719 / Le Mars
4232,"Elliott's General Store,"
4233,Fareway Stores #815 / Cresco
4234,Fareway Stores #788 / Spencer
4235,Fareway Stores #395 / Webster City
4236,Fareway Stores #551 / Eagle Grove
4239,Fareway Stores #850 / Spirit Lake
4246,Fareway Stores #938 / Shenandoah
4247,Fareway Stores #879 / Belmond
4248,Fareway Stores #021 / Sheldon
4249,Fareway Stores #048 / Clarinda
4250,Fareway Stores #882 / Eldora
4251,Aj's Liquor / Ames
4252,Fareway Stores #840 / Monticello
4253,Fareway Stores #683 / Winterset
4254,Fareway Stores #849 / Emmetsburg
4255,FAREWAY STORES #058 / ORANGE CITY
4256,Fareway Stores #912 / Sioux Center
4257,Broadway Liquor
4258,Fareway Stores #009 / Burlington
4259,Kum & Go #175 Liquors / Oskaloosa
4260,Fareway Stores #699 / Osceola
4262,Cork and Bottle / Carroll
4265,Kwik Stop 3 / Waterloo
4266,Wal-Mart 1683 / Shenandoah
4267,Main Street Market Of Anita
4268,Fareway Stores #531 / Algona
4269,Tipton Family Foods
4270,Kum & Go Liquors #37 / Ottumwa
4271,Fareway Stores #827 / Centerville
4272,Fareway Stores #407 / Esterville
4273,Smokin' Joe's #4 Tobacco and Liquor Outlet
4274,Ruthven Meat Processing
4275,Fareway Stores #980 / Knoxville
4276,Wj's Liquor
4277,Cork It!
4279,Keota Eagle Foods
4280,Slagle's Grocery / Le Claire
4282,Point Liquor and Tobacco /
4283,Guppys On The Go
4284,Fareway Stores #559 / Iowa Falls
4285,Fareway Stores #922 / New Hampton
4288,Uptown Liquor and Tobacco
4289,Fareway Stores #062 / Waukon
4291,Fareway Stores #597 / Creston
4293,Eddyville Market and Deli L
4294,Lena's Liquors
4295,Nat Food Mart #1 / Hubbell
4296,Circle B Market
4297,Discount Liquor / Cedar Rapids
4298,Terry's Food Center
4299,Hometown Market / Central City
4300,Fareway Stores #625 / Oskaloosa
4301,Sahota Food Mart
4302,Shop N Save / Des Moines
4303,Mepo Foods
4304,Downtown Pantry / Des Moines
4306,Northside One Stop / Hampton
4307,Crossroads Wine and Liquor
4308,Keystone Liquor and Wine / Coralvill
4309,The Party Pantry
4310,Fareway Stores #502 / Cherokee
4311,Fareway Stores #508 / Fort Dodge
4312,I-80 Liquor / Council Bluffs
4313,Fareway Stores #940 / Atlantic
4314,Nodaway Valley Market
4315,Fareway Stores #554 / Washington
4317,Fareway Stores #941 / Greenfield
4318,Fareway Stores #841 / Red Oak
4319,Fareway Stores #703 / Humbolt
4320,Fareway Stores #470 / Perry
4321,Fareway Stores #501 / Charles City
4322,Hometown Foods / Baxter
4323,Liquor And Tobacco Outlet
4324,Dayton Community Grocery
4325,Villisca Foods Inc.
4326,Stratford Food Center
4327,Quick Mart / Hiawatha
4328,Jr's On The Rocks
4329,Super Stop Ii / Altoona
4330,Ryan's Quick Shop
4331,Moore's Foods
4332,Fast Mart / University Ave
4333,Liquorama
4334,Fareway Stores #114 / Dubuque
4335,The Bottle Shop / Inwood
4336,Last Call 2
4337,Grand Falls Casino Resort
4338,Randhawa's Travel Center
4340,Dahl's Foods / Ames
4341,Mj's Grocery
4343,Best Food Mart / Des Moines
4344,Spirits / Grimes
4345,Lucky Mart
4346,Roy's Foodland
4347,Jeff's Market / Blue Grass
4348,Jeff's Market / Wilton
4349,Southside Food Mart
4350,Kum & Go #703 / Marshalltown
4351,Kum & Go #301 / Clear Lake
4352,Kum & Go #501 / Creston
4353,Kum & Go #302 / Clear Lake
4354,Kum & Go #4205 / Shenandoah
4355,Kum & Go #124 / Story City
4356,Kum & Go #396 / Nevada
4357,Kum & Go #125 / Story City
4358,Kum & Go #553 / Clarion
4359,Kum & Go #75 / Waukee
4360,Kum & Go #333 / Newton
4361,Quik Trip #538 / NW 2nd / DSM
4362,Kum & Go #135 / Polk City
4363,Kum & Go #33 / Osceola
4364,Kum & Go #22 / Grinnell
4365,Kum & Go #222 / West St Grinnell
4366,Kum & Go #137 / Tiffin
4367,Kum & Go #109 / Mason City
4368,Kum & Go #570 / Johnston
4369,Kum & Go #28 / Norwalk
4370,Kum & Go #240 / North Ave Norwalk
4371,Kum & Go #50 / West Des Moines
4372,Kum & Go #404 / Mason City
4373,Kum & Go #74 / West Des Moines
4374,Kum & Go #141 / Grimes
4375,Kum & Go #237 / Grimes
4376,Kum & Go #6 / Mason City
4377,Quik Trip #562 / NE 14th / DSM
4378,Kum & Go #202 / 4th St Waukee
4379,Kum & Go #2091 / Ashworth / WDM
4380,Kum & Go #254 / West Branch
4381,Kum & Go #443 / Williamsburg
4382,Kum & Go #8 / 8th St / WDM
4383,Kum & Go #500 / Creston
4384,Kum & Go #2093 / Adel
4385,Kum & Go #43 / New Virginia
4386,KUM & GO #701 / MARSHALLTOWN
4387,KUM & GO #117 / SPIRIT LAKE
4388,QUIK TRIP #566 / CLIVE
4389,KUM & GO #651 / ALBIA
4390,KUM & GO #233 / CLARINDA
4391,KUM & GO #236 / GREENFIELD
4392,KUM & GO #156 / CLIVE
4393,KUM & GO #206 / CLIVE
4394,KUM & GO #606 / HARLAN
4395,KUM & GO #133 / ELLSWORTH
4396,"Trunck's Country Foods, INC."
4397,Quik Trip #514 / Ankeny
4398,KUM & GO #4786 / BELMOND
4399,KUM & GO #59 / WAUKEE
4400,Kum & Go #174 / OSKALOOSA
4401,KUM & GO #503 / MARION
4402,KUM & GO #80 / RIVERSIDE
4403,KUM & GO #4098 / WINDSOR HEIGHTS
4404,KUM & GO #292 / ANKENY
4405,KUM & GO #92 / ANKENY
4406,KUM & GO #4020 / ANKENY
4407,KUM & GO #1272 / KNOXVILLE
4408,KUM & GO #2217 / BOONE
4409,Kum & Go #90 / BOONE
4410,Kum & Go #203 / Perry
4411,KUM & GO #95 / DE SOTO
4412,Kum & Go #267 / Tipton
4413,KUM & GO #439 / WAPELLO
4414,KUM & GO #23 / NEOLA
4415,KUM & GO #513 / ACKLEY
4416,KUM & GO #83 / CASEY
4417,KUM & GO #76 / ADAIR
4418,KUM & GO #46 / WALNUT
4419,KUM & GO #4 / LAMONI
4420,KUM & GO #38 / OTTUMWA
4421,KUM & GO #1 / HAMPTON
4422,KUM & GO #193 / STUART
4424,CIRCLE K #6601 / BURLINGTON
4425,Quik Trip #575 / Council Bluffs
4426,LIQUOR AND GROCERY DEPOT
4427,Kum & Go #507 / North Liberty
4428,Kum & Go #200 / Ames
4429,Kum & Go #32 / Colfax
4430,Kum & Go #87 / Fort Dodge
4431,Kum & Go #89 / Fort Dodge
4432,Kum & Go #201 Coralville
4433,Kum & Go #24  Pleasant Hill
4434,Todd's
4435,Kum & Go #220  Council Bluffs
4436,Kum & Go #216  Ames
4437,Kum & Go #215  Ames
4438,Kum & Go #214  Ames
4439,CENTER POINT FOODS
4440,Kum & Go #219  Council Bluffs
4441,SPEEDE SHOP
4442,A-TOWN LIQUOR STORE
4443,Palo Mini Mart
4444,Kum & Go #4127 / SLOAN
4445,Kum & Go #196 / WEBSTER CITY
4446,QUIK TRIP #513 / URBANDALE
4447,QUIK TRIP #567 / URBANDALE
4448,Kum & Go #572 / URBANDALE
4449,Kum & Go #121 / URBANDALE
4450,Kum & Go #157 / URBANDALE
4451,Kum & Go #96 / WEBSTER CITY
4452,Select Mart    Gordon Dr
4453,SID'S GAS and GROCERIES
4454,Kum & Go #248 / Sioux City
4455,Kum & Go #1959 / Eldora
4456,Kum & Go #53 / Iowa City
4457,KUM & GO #422 / IOWA CITY
4458,QUIK TRIP #568 / JOHNSTON
4459,Kum & Go #544 / Eagle Grove
4460,MOORE'S FOODS
4461,QUIK TRIP #503 / WINDSOR HEIGHTS
4462,SHELTON'S
4463,Casey's General Store #3031 / Garner
4464,Perfect Value Liquor Mart
4465,HOME TOWN FOOD ON 4
4466,THE PUMPER
4467,Kum & Go #438 / Muscatine
4468,CIRCLE K #6600 / MUSCATINE
4469,Sperry One Stop Shop LLC
4470,Kum & Go #211 / WATERLOO
4471,Kum & Go #212 / WATERLOO
4472,Quick Shop Foods / Centerville
4473,Casey's General Store #92 / Panora
4474,Bucky's Express #34 / Council Bluffs
4475,Bucky's Express #27 / Council Bluffs
4476,Bucky's Express #16 / Council Bluffs
4477,Bucky's Express #17 / Council Bluffs
4478,U S Gas
4480,Circle K #6602 / Clinton
4481,THE LIQUOR HOUSE
4482,Indy 66 West #929 / Indianola
4483,Sauce
4484,JEFF'S MARKET / WEST LIBERTY
4485,DYNO'S 51 / SANBORN
4486,Kum & Go #608 / Okoboji
4487,Casey's General Store #2787 / Cedar Rapids
4488,Casey's General Store #2762 / Cedar
4489,Casey's General Store #2763 / Cedar Rapids
4490,Casey's General Store #2766 / Cedar Rapids
4491,Casey's General Store #2772 / Cedar Rapids
4492,Casey's General Store #2773 / Cedar Rapids
4493,Casey's General Store #2850 / Cedar Rapids
4494,SELECT MART / SIOUX CITY
4495,Casey's General Store #3055 / Grundy Center
4496,B P ON 1ST
4497,Casey's General Store #20 / Alden
4498,Speede Shop / Winthrop
4499,Casey's General Store #1316 / Milford
4500,Casey's General Store #2788 / North Liberty
4501,Kum & Go #134 / Fairfield
4502,Neighborhood Mart / Waterloo
4503,Casey's General Store #38 / Treynor
4504,JIFFY EXPRESS #921 / INDIANOLA
4505,Casey's General Store #2816 / Johnston
4506,Casey's General Store #2667 / Tiffin
4507,Casey's General Store #2902 / Spencer
4508,Casey's General Store #2877 / Spencer
4509,A J'S LIQUOR II
4510,Casey's General Store #1007 / Malvern
4511,Super Quick / SE 30 DM
4512,Metro Mart #4 / Waterloo
4513,Casey's General Store #1144 / Polk City
4514,Casey's General Store #2813 / Fort Dodge
4515,Casey's General Store #1588 / Dows
4516,Casey's General Store #1569 / Oakland
4517,Casey's General Store #2767 / Cedar Rapids
4518,Casey's General Store #2824 / WDM
4519,Casey's General Store #2923 / WDM
4520,Casey's General Store #2842 / Huxley
4521,Casey's General Store #1002 / Grand Junction
4522,Casey's General Store #2523 / Monroe
4523,Casey's General Store #2563 / Exira
4524,Casey's General Store #1139 / Nora Springs
4525,Casey's General Store #2425 / Akron
4526,Sub Xpress & Gas
4527,Casey's General Store #30 / Gilmore City
4528,Casey's General Store #1303 / Marsha
4529,Casey's General Store #3262 / Buffalo
4530,Casey's General Store #2566 / Ely
4531,Casey's General Store #2626 / Afton
4532,Casey's General Store #2274 / Sioux
4533,Casey's General Store #1985 / St. Ansgar
4534,D & B Foods
4535,Casey's General Store #2421 / Dubuque
4536,Casey's General Store #2420 / Dubuque
4537,Casey's General Store #1834 / Leon
4538,K & S Grocery
4539,Casey's General Store #40 / Scranton
4540,Casey's General Store #2915 / Bellevue
4541,Casey's General Store #1045 / Delmar
4542,Casey's General Store #2994 / Lauren
4543,Casey's General Store #2924 / Marion
4544,Casey's General Store #1898 / Osceola
4545,FILL R UP
4546,Casey's General Store #2303 / Glidden
4547,Fareway Stores #902 / Hampton
4548,Casey's General Store #2594 / Walker
4549,Casey's General Store #2913 / Colo
4550,NEW STAR 3 / Waterloo
4551,Casey's General Store #2845 / Urband
4552,Casey's General Store #2493 / Buffalo
4553,Casey's General Store #1892 / Sheffield
4554,Kum & Go #229 / Sioux City
4555,Casey's General Store #2614 / Donnellson
4556,Casey's General Store #2552 / Goldfield
4557,Hometown Foods / Traer
4558,Kum & Go #226 / Sioux City
4559,Osage Payless Foods
4560,Casey's General Store #2914 / Harlan
4561,Kroegers Liquor Co LLC
4562,Casey's General Store #2989 / Mechanicsville
4563,The Molehill
4564,JEFF'S MARKET / DURANT
4565,KUM & GO #228 / Sioux city
4566,Kum & Go #508 / Cedar Rapids
4567,Shop N Save / NW 2nd Ave / DSM
4568,Select Mart   Floyd Blvd
4569,Car-Go-Express / Sutherland
4570,Cargo Express
4571,Casey's General Store #2357 / Allison
4572,Grundy Center Family Foods
4573,Casey's General Store #1330 / Hamburg
4574,ThuLords
4575,Casey's General Store #2304 / Slater
4576,THE BOONEDOCKS
4577,Casey's General Store #2551 / Woodward
4578,Casey's General Store #2592 / Farmington
4579,USA Food & Gas / Grand Mound
4580,Smokin' Joe's #9 Tobacco and Liquor Outlet
4581,Prime Mart / Cedar Falls
4582,Pronto / Spirit Lake
4583,Kum & Go #5100 / Manson
4584,J & C Grocery / Dumont
4585,Casey's General Store #2561 / Farley
4586,Kum & Go #545 / Rockwell City
4588,Sam's Mini Mart / Sioux City
4589,Dyno's #53 / Sibley
4590,Casey's General Store #3045 / Cedar Falls
4591,Casey's General Store #3052 / Clarion
4592,Dyno's #29 / Emmetsburg
4593,The Cue Liquors
4594,Quik Trip #554 / SW 63rd DM
4595,Quik Trip #559 / Fleur Dr DM
4596,Quik Trip #534 / E University DM
4597,Quik Trip #523 / Army Post DM
4598,Quik Trip #501 / E Euclid DM
4599,Quik Trip #500 / Hubbell DM
4600,Kum & Go #207 / Hubbell DM
4601,Kum & Go #4110 / Guthrie DM
4602,Cheap Smokes / Beer City
4603,Kum & Go #208 / SE 14th DM
4604,Pit Stop Liquors / Newton
4605,Kum & Go #509 / Marion
4606,Central Mart / Sioux City
4607,Casey's General Store #1024 / Gutten
4608,Casey's General Store #3050 / Council Bluffs
4609,Kum & Go #579 / Ankeny
4610,Casey's General Store #2992 / Fonda
4612,ATC Liquor
4613,Sparky's One Stop / Carroll
4614,Urban Liquor
4615,North Side Liquor & Grocery
4616,C's Spencer Liquor
4617,Lickety Liquor
4618,Hawkeye Convenience Stores East
4619,Smokin' Joe's #3 Tobacco and Liquor Outlet
4620,Nodaway Valley Market
4621,Casey's General Store #23 / Maxwell
4622,Quik Trip #544 / SE 14th DM
4623,Casey's General Store #1493 / Van Meter
4624,Kwik Shop #568 / Hiawatha
4625,Kwik Shop #532 / Council Bluffs
4626,Kwik Shop #527 / Council Bluffs
4627,Casey's General Store #1388 / Sully
4628,Oelwein Bottle and Can Inc.
4629,Kwik Shop #541 / Glenwood
4630,EZ Stop / Davenport
4631,Thunder Ridge Ampride
4632,Nat Food Mart / 2nd Ave DM
4633,Kwik Shop #520 / Carter Lake
4634,Kwik Shop #565 / Cedar Rapids
4635,Kwik Shop #563 / Cedar Rapids
4636,Kwik Shop #561 / Cedar Rapids
4637,Kwik Shop #560 / Cedar Rapids
4638,GD Xpress / Davenport
4639,Liquor & Tobacco Outlet / Fort Dodge
4640,Mart Stop #1 / Davenport
4641,Kum & Go #573 / SE 14th DM
4642,Liquor and Tobacco Outlet / Univ Ave Waterloo
4643,Cubby's Red Oak
4644,Kwik Shop #588 / Davenport
4645,Kwik Shop #589 / Eldridge
4646,Pronto Market / Fairbank
4647,B and B EAST / Waterloo
4648,Prime Mart / Broadway Waterloo
4649,Metro Liquor and Tobacco
4650,Loofts on 9 Liquor Here or Liquor There
4651,Casey's General Store #2300 / Jewell
4652,Brady Mart Food & Liquor
4653,Casey's General Store #1617 / Jefferson
4654,KUM & GO #510 / STUART
4655,Casey's General Store #2237 / Prairie City
4656,Casey's General Store #2301 / Ames
4657,Casey's General Store #2526 / Wellsburg
4658,Casey's General Store #3027 / Iowa F
4659,Casey's General Store #2802 / Conrad
4660,Hill Brothers Jiffy Mart / Cedar Rapids
4661,Quik Trip #531 / Grimes
4662,Guppy's On The Go / Cedar Rapids
4663,Casey's General Store #3077 / Peosta
4664,Casey's General Store #24 / Boone
4665,Casey's General Store #2896 / Ankeny
4666,Super Stop II / Altoona
4667,Kum & Go #56 / Bevington
4668,Clear Lake Payless Foods
4669,Vom Fass / Des Moines
4670,Guppy's On The Go / Tripoli
4671,New Star Mart #1 / Waterloo
4672,The Pit Stop / River City Liquor
4673,Sonny's Super Market / West Point
4674,Kum & Go #227 / Ames
4675,Kum & Go #113 / Ames
4676,Sam's Mini Mart / Sioux City
4677,Costco Wholesale #1111 / Coralville
4678,Fareway Stores #124 / Adel
4679,Walgreens #12393 / Cedar Rapids
4680,Afal Food & Liquor / Des Moines
4681,Spirits & Such
4682,Pleasantville Alcohol & Tobacco
4683,New Star 3 / Waterloo
4684,Indy 66 #928 / Indianola
4685,Kwik Stop Food Mart
4686,Sunny's Mart / Clinton
4687,Kum & Go #517 / Cedar Rapids
4688,Walgreens #10770 / Carroll
4689,Walgreens #11759 / Fort Madison
4690,Super Stop and Shop / Baldwin
4691,Railroad Street Tobacco and Spirits
4692,Walgreens #05886 / Keokuk
4693,Hawkeye Convenience Stores / 16th St
4694,Rina Mart LLC / Davenport
4695,Walgreens #09791 / Altoona
4696,Quik Trip #517 / West Des Moines
4697,Southside Liquor & Tobacco / Iowa City
4698,Quality Quick Stop
4699,Walgreens #06553 / Bettendorf
4700,J & C Grocery / Allison
4701,Walgreens #11193 / Boone
4702,Walgreens #05361 / Fort Dodge
4703,Walgreens #00910 / Sioux City
4704,The Filling Station / Council Bluffs
4705,Walgreens #05977 / Coralville
4706,Walgreens #05144 / Clinton
4707,Walgreens #05119 / Clinton
4708,No Frills Supermarkets #803 / Glenwood
4709,Walgreens #12108 / Ames
4710,Walgreens #09708 / Dubuque
4711,Walgreens #06154 / Dubuque
4712,Walgreens #11942 / Dubuque
4713,Walgreens #10985 / Coralville
4714,Walgreens #05943 / Indianola
4715,Walgreens #06678 / West Des Moines
4716,Walgreens #11153 / Spencer
4717,Walgreens #05512 / Bettendorf
4718,Walgreens #06623 / West Des Moines
4719,Walgreens #06677 / West Des Moines
4720,Chariton BP
4721,Walgreens #05044 / Burlington
4722,Walgreens #09476 / Burlington
4723,Walgreens #10557 / Cedar Falls
4724,Walgreens #05942 / Newton
4725,Casey's General Store #1548 / Ankeny
4726,Walgreens #07454 / Ankeny
4727,Walgreens #07996 / Ankeny
4728,Walgreens #05077 / Iowa City
4729,No Frills Supermarkets #790 / Deniso
4730,Walgreens #05944 / Johnston
4731,Walgreens #05060 / Clive
4732,Walgreens #07967 / Clive
4733,Walgreens #03773 / Urbandale
4734,Walgreens #04973 / Urbandale
4735,Walgreens #01301 / Ottumwa
4736,Walgreens #03876 / Marion
4737,Walgreens #11330 / Storm Lake
4738,Casey's General Store #2284 / Council Bluffs
4739,Walgreens #05306 / Council Bluffs
4740,Walgreens #04405 / Council Bluffs
4741,Walgreens #03700 / Council Bluffs
4742,No Frills Supermarkets #786 / Counci
4743,No Frills Supermarkets #791 / Council Bluffs
4744,Walgreens #03875 / Cedar Rapids
4745,Walgreens #05042 / Cedar Rapids
4746,Walgreens #05885 / Muscatine
4747,Walgreens #11709 / Davenport
4748,Walgreens #06186 / Davenport
4749,Walgreens #05239 / Davenport
4750,Walgreens #04041 / Davenport
4751,Walgreens #03595 / Davenport
4752,Gasland / Burlington
4753,Casey's General Store #2521 / Adair
4754,Walgreens #12148 / Waverly
4755,Walgreens #05941 / Mason City
4756,Walgreens #03196 / Marshalltown
4757,EZ Mart / Bondurant
4758,Midtown / Storm Lake
4759,Walgreens #10855 / Waterloo
4760,Walgreens #07455 / Waterloo
4761,Walgreens #03590 / Waterloo
4762,Huber's Store Inc.
4763,Parktown BP / Cedar Rapids
4764,New Star / Fort Dodge
4765,Kwik Stop C-Stores / Dubuque
4766,Keywest Conoco / Dubuque
4767,Casey's General Store #3075 / Ankeny
4768,Kum & Go #777 / Urbandale
4769,Elma Locker and Grocery
4770,Casey's General Store #3080 / Hudson
4771,Cenex Gas Station
4772,Kum & Go #97 / West Des Moines
4773,"Fast Mart 2, LLC"
4774,Casey's General Store #3034 / Estherville
4775,Casey's General Store #37 / Dakota City
4776,The Market on 30 / Carroll
4777,Casey's General Store #1365 / Paullina
4778,Casey's General Store #3030 / Storm Lake
4779,Casey's General Store #25 / Mount Ayr
4780,Casey's General Store #3043 / Britt
4781,Casey's General Store #3079 / Early
4782,Casey's General Store #2529 / Lamoni
4783,Casey's General Store #1684 / Emmetsburg
4784,Hawkeye Convenience Store Wiley Blvd
4785,Casey's General Store #2835 / Avoca
4786,Casey's General Store #1706 / Winterset
4787,Guppy's On The Go Swisher
4788,Walgreens #12580 / Cedar Rapids
4789,Katy Did's General Store
4790,Mediapolis Fast Break
4791,Walgreens #05470 / Sioux City
4792,Casey's General Store #2899 / De Soto
4793,Fort Madison Fast Break
4794,Smokin' Joe's #17 Tobacco and Liquor Outlet
4795,Walgreens #00359 / Des Moines
4796,Walgreens #04714 / Des Moines
4797,Walgreens #05362 / Des Moines
4798,Walgreens #05721 / Des Moines
4799,Walgreens #05777 / Des Moines
4800,Walgreens #07968 / Des Moines
4801,Walgreens #05852 / Des Moines
4802,Walgreens #07452 / Des Moines
4803,Walgreens #07453 / Des Moines
4804,Walgreens #07833 / Des Moines
4805,Liquor Tobacco & Grocery / Fort Dodge
4806,Giri's Liquor Store / West Liberty
4807,Williamsburg Foods
4808,CB Quick Stop / Council Bluffs
4809,Abby Lea's
4810,Kum & Go #518 / Ankeny
4811,Casey's General Store #1327 / Lovilia
4812,Liquor Beer & Tobacco Outlet / Charl
4813,USA Food and Gas / Grand Mound
4814,"Byron Supermarket, Inc."
4815,ROCSTOP
4816,Casey's General Store #3232 / Shenan
4817,Casey's General Store #3217 / Knoxville
4818,Decorah Mart
4819,Super Stop 2 / Altoona
4820,Lil' Chubs Corner Stop
4821,Casey's General Store #3215 / Oskaloosa
4822,Casey's General Store #3214 / Oskalo
4823,Casey's General Store #3223 / Creston
4824,Casey's General Store #3224 / Creston
4825,Casey's General Store #3212 / Osceola
4826,Casey's General Store #3226 / Albia
4827,Sauce
4828,Casey's General Store #3228 / Marshalltown
4829,Central City 2
4830,JCL Store
4831,L & M Gas & Grocery / Boone
4832,Casey's General Store #2491 / Clarin
4833,Crazy Mary's Licker
4834,Muscatine Fast Break
4835,Point Liquor & Tobacco
4836,Kum & Go #52 / Iowa City
4837,Kum & Go #51 / Iowa City
4838,Casey's General Store #2448 / Ogden
4839,DS Services LLC
4840,Independence Ave Liquor & Food / Waterloo
4841,Cozy Mart
4843,Stewart Road Fast Break
4844,Iowa City Fast Break
4845,3rd St Convenience
4846,Casey's General Store #2697 / Onawa
4847,Slagle Foods LeClaire
4848,Kum & Go #246 / Winterset
4849,C Fresh Market
4850,Big 10 Mart
4851,Southside Liquor & Tobacco Outlet /
4852,Kum & Go #520 / Cedar Rapids
4853,Kum & Go #62 / Johnston
4854,Casey's General Store #3029 / Armstrong
4855,Casey's General Store #3200 / Strawberry Point
4856,Brothers Market / Lisbon
4857,Westland Fast Break
4858,Hwy 34 Truckstop
4859,Circle K #6604 / Burlington
4860,Jims Foods
4861,The Station / Cedar Rapids
4862,Pronto Market / Kingsley
4864,CLINTON LIQUOR & CONVENIENCE STORE
4865,Rolfe Area Market
4866,Tobacco Hut #18 / Council Bluffs
4867,Speedy Gas N Shop
4868,Kum & Go #59 / Waukee
4869,Lindsanator's
4870,Tobacco 4 Less / Bettendorf
4871,Donahue's One Stop
4872,Casey's General Store #2644 / Earlham
4873,Casey's General Store #2559 / Granger
4874,Z's Quickbreak
4875,Bani's
4876,Quick Mart / Hiawatha
4877,World Liquor & Tobacco
4878,Shortee's Pit Stop
4879,Sam's Mini Mart / Morningside Ave Sioux City
4880,Casey's General Store #1567 / Anita
4881,Sperry One Stop Shop LLC
4882,Casey's General Store #3026 / St Charles
4883,K & L Foods
4884,Tobacco Hut #11 / Sioux City
4885,SNK Gas & Food LLC
4886,Yr Dollar Stop
4887,Kum & Go #66 / West Des Moines
4888,Circle S Bluff Stop
4889,Fast Trip / Des Moines
4890,Casey's General Store #3210 / Urbandale
4891,Schottsy's Liquor
4892,Sara Mini Mart
4893,Casey's General Store #3098 / WDM
4894,Discount Tobacco and More / Davenpor
4895,Big Discount Liquor
4896,Barrys Mini Mart
4897,Gasland #102 / Burlington
4898,Burlington Shell
4899,Graettinger Market
4900,Kwik Stop 4 / Waterloo
4901,Fareway Stores #137 / Polk City
4902,Broadway Liquor
4903,Honey Creek Resort State Park
4904,Larchwood Quick Stop
4905,South Side Grocery
4906,Smoke.N.Pipe
4907,Prime Mart
4908,Zapf's Pronto Market
4909,Pump N Pak Rock Valley
4910,Prime Mart #3 / Waterloo
4911,Casey's General Store #1061 / Princeton
4912,Casey's General Store #2531 / Eldridge
4914,Prime Mart / Center St
4915,Casey's General Store #2429 / Betten
4916,Perez Grocery
4917,Kum & Go #115 / Perry
4918,Northwest Petroleum
4919,Kum & Go #4084 / Altoona
4920,Kum & Go #129 / Johnston
4921,Market Express
4922,Vinos y Licores el Aguaje
4923,Casey's General Store #2270 / Aurelia
4924,Abby Lea's
4925,Kum & Go #574 / Urbandale
4926,GS Super Stop
4927,Kum & Go #576 / West Des Moines
4928,Shop n Save / 6th Ave
4929,Casey's General Store #1680 / Adel
4930,Casey's General Store #3251 / Boone
4931,Hudson Gas Mart
4932,B and B West
4933,River Mart
4934,Casey's General Store #2811 / Springville
4935,Ali's Liquor
4936,Pickle Barrel Market
4937,ROCSTOP
4938,Pronto Market
4939,Urban Liquor
4940,Cambridge Country Store
4941,Kum & Go #170 / Urbandale
4942,East Village Pantry
4943,Eldon Kwik Shop
4944,Jiffy Express / Martensdale
4945,Osage Liquors
4946,Byron Supermarket
4947,The Music Station
4948,Wheatland Day Break
4949,River Drive Smoke Shop
4950,Kum & Go #514 / Cedar Rapids
4951,New Star Mart (Amoco)
4952,Sub Express & Gas
4953,Tri Stop
4954,Casey's General Store #3244 / Urband
4955,Cenex Ampride
4956,The Cooler
4957,Kimmes Wall Lake Country Store
4958,Five Corners Liquor & Wine
4959,Bani's
4960,AJ's Liquor III
4961,Kwik Stop / Cedar Cross
4962,Hilltop Grocery
4963,Jeff's Market / Durant
4964,Jeff's Market / Wilton
4965,Pronto
4966,Midtown
4967,Jeff's Market / Blue Grass
4968,Casey's General Store #3042 / Brooklyn
4969,Lake Liquors Wine and Spirits
4970,Jeff's Market / West Liberty
4971,Fareway Stores #138 / Pleasant Hill
4972,Quillins Quality Foods Monona
4973,Quillins Quality Foods West Union
4974,Super Stop  SE 14th
4975,Walgreens #15647 / Sioux City
4976,Central Mart / Sioux City
4977,Bacon Creek Country Store
4978,Prime Mart / Waterloo
4979,Sam Liquor
4980,Pronto BP
4981,Sinclair Food Mart
4982,Kimmes Country Store Alta 05
4983,River Mart
4984,Fast Ave One Stop
4985,Casey's General Store #2519 / Merrill
4986,218 Fuel Express & Chubby's Liquor
4987,Almost Always Open
4988,Happy's Wine & Spirits
4989,Casey's General Store #3322 / Iowa City
4990,Main Lil' Market
4991,Fasttrak
4992,Old 34 Gas & Grill
4993,Site Food Mart
4994,City Foods
4995,Durant Street C-Store
4996,Kwik Stop 16th St #300
4997,Downtown Pantry
4998,Lake City Food Center
4999,Casey's General Store #2680 / Clarks
5000,Casey's General Store #3319 / Nevada
5001,The Music Station / Independence
5003,Famous Liquors
5004,Ida Grove Food Pride
5005,Laurens Food Pride
5006,Kwik Stop 16th Street #325
5007,Brother's Market / Denver
5008,Emmetsburg Food Pride
5009,New Pioneer Food Co-op
5010,Sac City Food Pride
5011,Kum & Go #443 / Williamsburg
5012,Bluejay Market
5013,State Food Mart
5014,New Pioneer Food Co-op / Iowa City
5016,Sierra Foods
5017,Lansing IGA
5018,Super Saver Liquor LLC
5019,Riverside Quick Shop
5020,Petromart Stanwood
5021,Kum & Go #608 / Okoboji
5022,Kum & Go #97 / West Des Moines
5023,Hawkeye Convenience Stores / 16th Av
5024,Hawkeye Convenience Stores / Wiley
5025,Hawkeye Convenience Stores / 1st Ave
5026,Forrest Hometown Market
5027,Hard Rock Hotel & Casino Sioux City
5028,Midtown Liquor
5029,The Liquor Stop LLC
5030,New Star
5031,New Star Raymond
5032,Fastmart
5033,Kwik Stop
5034,Liquor Tobacco & Groceries
5035,Casey's General Store #3205 / Counci
5036,Point Liquor & Tobacco
5037,Uncorked Wine & Spirits
5038,Jim's Food
5039,Casey's General Store #3384 / Solon
5040,Wilton Express
5041,Casey's General Store #3309 / Montez
5042,Super Stop III / Dubuque
5043,West Side Liquor / Waterloo
5044,Casey's General Store #3202 / Cresce
5045,Central Mart / Hamilton Blvd
5046,West K Mart
5047,The Fresh Market
5048,Rolfe Area Market
5049,Gas N Go  /  Waverly
5050,Fareway Stores #147 / Carlisle
5051,Oasis
5052,Casey's General Store #3220 / Greenf
5053,Cork & Bottle / Iowa City
5054,Cork 'N Bottle / Manchester
5055,Latimer Community Grocery
5056,Council Bluffs Sinclair
5057,Kum & Go #535 / Des Moines
5058,Kum & Go # 542 / Urbandale
5059,Casey's General Store #1125 / Humest
5060,L&M Mighty Shop
5061,Casey's General Store #3382 / Cedar
5062,Casey's General Store #2318 / Montro
5063,Logan Convenience Store
5064,Casey's General Store #2777 / Fairfa
5065,Circle S Gordon Drive
5066,Bears Burgers & Buns
5067,One Stop Liquor
5068,Tobacco Shop / Arnolds Park
5069,Casey's General Store #1705 / Lake M
5070,Jeff's Market / Wilton
5071,Jeff's Market / Durant
5072,Pep Stop
5073,"Williams Boulevard Service, Inc."
5074,New Pioneer Food Co-op  / Center Poi
5075,Pronto Market  / New Sharon
5076,Cubby's Sioux City
5077,Wal-Mart 3150 / Council Bluffs
5078,Casey's General Store #2096 / Counci
5079,Casey's General Store #2489 / Deniso
5080,C's Liquor Store
5081,Casey's General Store #3035 / Atlant
5082,Casey's General Store #2365 / Atlant
5083,Central Mart
5084,Ismoke
5085,New Star Hudson Mart
5086,"Central Mart I, LLC."
5087,Quik-Pik  /  Logan
5088,Kum & Go #768 / Hospers
5089,Mos Mini Mart
5090,Kum & Go #437 / Muscatine
5091,Kum & Go #436 / Muscatine
5092,Kum & Go #2035 / West Des Moines
5093,Cody Mart
5094,Casey's General Store #2778 / Cedar
5095,Carterlake Mini Mart
5096,Walgreens #11710 / North Liberty
5097,Fareway Stores #151 / Cedar Rapids
5098,Best Food Mart 3  LLC
5099,Casey's General Store #2164 / Ankeny
5100,Sam's Food
5101,New Star  /  Fletcher Ave
5102,Wilkie Liquors
5103,Curry's Express Mart
5104,Rustic Lure Wine and Spirits
5105,Three Brothers Liquors
5106,Barnes Food Land
5107,Kum & Go #4098 / Windsor Heights
5108,Tobacco 4 Less / State St
5109,Casey's General Store #3404 / Carlis
5110,Ramsey's Market Liquor
5111,Creekside Market
5112,The Bottle Shop
5113,"Ray's Supermarket, Inc."
5114,Casey's General Store #2612 / Missou
5115,Pronto Market / Manly
5116,New Star Mart  /  Newton
5117,Food & Gas Mart  /  Marshalltown
5118,Kwik Stop #82  /  Peosta
5119,Corwith Farm Service
5120,Casey's General Store #3442 / Maplet
5121,Liquor Beer & Tobacco Outlet  / Char
5123,Price Chopper  /  Clive
5124,Price Chopper  /  Johnston
5125,Cash Saver  /  E Euclid Ave
5126,Price Chopper  /  Merle Hay
5127,Price Chopper  /  Ingersoll
5128,Price Chopper  /  Beaver
5129,Cash Saver  /  Fleur
5130,Great River Brewery
5131,Oasis
5132,Phillips 66
5133,Don's Food Center
5134,Prime Mart #6  /  Charles City
5135,Fareway Stores #155 / Huxley
5136,Urban Liquor
5137,Shop N Save  /  NW 2nd  DSM
5138,Kellogg Country Store
5139,Ali's Corner #2
5140,A to Z Liquor
5141,Casey's General Store #3418 / Gowrie
5142,Smokin' Joe's #13 Tobacco & Liquor O
5144,Sam's Club 6979 / Ankeny
5145,South Side Food Mart
5146,Fareway Stores #153  /  W Des Moines
5147,Victor's Market
5148,Main St Market  /  Holy Cross
5149,B S Mini Mart Inc
5150,Casey's General Store #2815  /  Vict
5151,IDA Liquor
5152,Texas Street Market
5153,Oak Street Station LLC
5154,Lake Park Foods
5155,New Star  /  Ansborough Ave
5156,Casey's General Store #1020  / Le Cl
5157,Kimmes Manson Country Store #10
5158,Bucky's Express #19 / Council Bluffs
5159,Kimmes Rockwell City Country Store #
5160,Kum & Go #37  /  Ottumwa
5161,Ameristar Casino Council Bluffs Gift
5162,Urbandale Liquor
5163,Gasland Express  /  Mt Pleasant
5164,Bucky's Express #22 / Council Bluffs
5165,Kari Out Wine & Spirits LLC
5166,East Side Liquor and Groceries
5167,New Star Liquor & Tobacco  / Ft Dodg
5168,Point Liquor and Tobacco
5169,AV Superstop
5170,Casey's General Store #1414  / State
5171,Gary's Liquor & Wine LTD
5172,Uptown Liquor & Tobacco
5173,Audubon Food Land
5174,Jim's Food   /  Sullivan Ave
5175,Kwik Stop Delhi
5176,Smokin' Joe's #15 Tobacco & Liquor O
5177,Casey's General Store #3204 / Minden
5178,New York Dollar Stores
5179,Baxter Family Market
5180,Oelwein Mart
5181,Casey's General Store #3434  /  Denv
5182,Kwik Shop #595  /  W Broadway
5183,Casey's General Store #77  /  Cascad
5185,Kum & Go #521  /  Coralville
5186,Casey's General Store #3452 / West U
5187,Kwik Stop Liquor & Groceries Ames
5188,Kum & Go #251 / Sioux City
5189,The Fresh Market  / W Des Moines
5190,Guppy's On The Go / Walford
5191,Casey's General Store #1534 / Guthri
5192,Guppy's On the Go  /  Robins
5193,Casey's General Store #2518 / Lohrvi
5194,Shelby General Store
5195,Casey's General Store #3203 / Counci
5196,The Depot Coralville
5197,Kum & Go #201 / Coralville
5198,Riverside Liquor
5199,Super Mart / Oelwein
5200,Otter Creek Country Store
5201,Kwik Stop  #858  /  Dubuque
5202,Casey's General Store #2900 / Gilber
5203,Kimmes Coon Rapids Country Store #12
5204,Quik Stop  /  Burlington
5205,Glidden Grocery
5206,Brothers Market  /  Grundy Center
5207,Jim's Foods  /  Cedar Rapids
5208,Olsen's BP
5210,Ding's Honk'n Holler
5211,Kum & Go #129  /  Johnston
5212,Don Liquor & Tobacco
5213,Garner One Stop
5214,Road Ranger #5148 / Cedar Rapids
5215,Cody Mart
5216,Casey's General Store #2683  /  Runn
5217,Casey's General Store #1511 / Seymou
5218,Gasland Express / Chariton
5219,Kirkwood Liquor & Tobacco
5220,Liquor Tobacco & Grocery / Mason Cit
5221,Gasland Express / Corydon
5222,Leo1  /  Cedar Rapids
5223,Casey's General Store #1503 / Tabor
5224,Keystone Liquor & Wine / Coralville
5225,The Station II / North Liberty
5226,KC Brothers
5227,Flaming Hot Fish and Chicken LLC
5228,Anthon Mini Mart
5229,Casey's General Store #3422 / Norwal
5230,Point Liquor & Tobacco
5232,Casey's General Store #27  /  Audubo
5233,Casey's General Store #2640 / Pleasa
5234,Casey's General Store #3473 / Dubuqu
5235,Kum & Go #540 / Waukee
5236,"Giggle Juice Liquor Station, LLC"
5237,World Liquor & Tobacco + Vape
5238,New Star / Fort Dodge
5239,Lefty's Convenience Store Inc.
5240,Casey's General Store #3463 / West B
5241,BP  /  Dubuque
5242,Kum & Go #502 / Iowa City
5243,New Star / Lafayette / Waterloo
5244,The Ox & Wren Spirits and Gifts
5245,Phillips 66
5246,Casey's General Store #3476 / Forest
5247,Rockwell Area Market
5248,Liquor and Grocery Depot
5249,W-Mart
5250,East Side Liquor and Tobacco
5251,Northside Liquor
5252,Freeman Foods of North English
5253,The Corner Store
5254,Discount Liquor
5255,Whole Foods Market
5256,Casey's General Store # 1331/ Sac Ci
5257,MAD Ave Quik Shop
5258,Oky Doky # 8 Foods
5259,Gameday Liquor
5260,GM Food Mart
5261,GM Mini Mart
5262,7-Eleven # 34464Z
5263,Bernie's Booze LLC
5264,Casey's General Store # 2177/Mitchel
5265,Honey Creek Resort State Park/ Gift
5266,Crossroads of Albert City
5267,The Station
5268,The Depot Atkins
5269,Lefty's Convenience Store Inc
5270,Casey's General Store # 2783/ Urband
5271,McElroy's Food Market
5273,Casey's General Store # 2598/ Pella
5274,FCA Kingsley C-Store
5275,Casey's General Store # 2417/ Newton
5276,Casey's General Store # 3502/ Stanto
5277,Cubby's Onawa
5278,Crossroads fo Spencer
5279,Casey's General Store # 2560
5280,Yesway Store # 10011/ Mason City
5281,Yesway Store # 10017/ Fort Dodge
5282,Yesway Store # 10019/ Mason City
5283,Yesway Store # 10026/ Mason City
5284,Brooklyn Grocery
5285,Crossroads of Humboldt
5286,Sauce
5287,Yesway Store # 1029/ Clarion
5288,Yesway Store # 10016/ Fort Dodge
5289,Yesway Store # 10020/ Story City
5290,Yesway Store # 10025/ Newton
5291,JumpStart
5292,John's Qwik Stop
5293,The Boonedocks
5294,Yesway Store # 10022/ Waterloo
5295,Yesway Store # 10023/ Waterloo
5296,Yesway Store # 10021/ Webster City
5297,Yesway Store # 10018/ Webster City
5298,DeWitt Travel Mart
5299,Pearl City Tobacco & Liquor Outlet
5300,Yesway Store # 10013/ Ottumwa
5301,Yesway Store # 10012/ Ottumwa
5302,Yesway Store # 10034/ Belmond
5303,Casey's General Store # 3508/ Marsha
5304,Crossroads of Sac City
5305,Fas Mart # 5150/ Cedar Rapids
5306,Fas Mart # 5159/ Dubuque
5307,Fareway Store # 167/Johnston
5308,Crossroads of Hampton
5309,Royal Food
5310,Crossroads of Algona
5311,The Liquor Store
5312,"B & K One Stop LLC, Washta"
5313,Southside Tobacco & Liquor
5314,Tobacco Hut & Liquor
5315,Brother's Market Wine and Spirits
5316,Brother's Market/ Sigourney
5318,First Stop Beverage Shop
9001,Cedar Ridge Vineyards
9002,Mississippi River Distillery
9010,Broadbent Distillery
9013,Iowa Distilling Company
9014,Werner Distilling
9017,Honey Creek Distillery
9018,Paradise Distilling Company
9022,Artisan Grain Distillery
9023,Iowa Legendary Rye
9901,Cedar Ridge
9902,Mississippi River Distilling Co
9906,Johnson Brothers Wirtz
9910,Broadbent Distillery
9911,North American Spirits
9913,Iowa Distilling Company
9919,Dehner Distillery
9922,Artisan Grain Distillery
9927,Templeton Rye